"","genre","specPowermax","specPowerMin","FeqContourMax","spec_mean","spec_sd","spec_median","spec_sem","spec_mode","spec_Q25","spec_Q75","spec_IQR","spec_cent","spec_skewness","spec_kurtosis","spec_sfm","spec_sh","zcr","mfcc1","mfcc2","mfcc3","mfcc4","mfcc5","energyBandSum"
"V1","country",5405667276584.78,67.6952545745036,504.086242675781,853.511321768649,808.612669347103,624.095052933465,25.269145917097,18.6297030726408,173.87722867798,1313.39406662117,1139.51683794319,853.511321768649,8.48889386050941,101.311345667792,0.671097392019888,0.92919453836985,0.136611592239586,109.125037860769,-3.52084471643419,-5.11755274472519,1.87095190069703,0.356512958851849,987.316534090803
"V2","country",7881138641417.8,0.127788734147884,253.371643066406,631.643216181328,649.596375888958,397.433665549669,20.2998867465299,24.8396040968543,108.673267923738,962.534658753106,853.861390829368,631.643216181328,4.5500392486465,30.5124590358281,0.290975217188048,0.891656173259119,0.108393004015676,107.134336090929,1.60309855235201,-6.70390734224429,5.66511427652899,-4.86623593615661,987.306315118003
"V3","metal",1411219622032.23,0.101538216380621,442.098693847656,810.20279789531,670.021166306783,686.194063175601,20.938161447087,49.6792081937087,254.605941992757,1189.1960461369,934.590104144145,810.20279789531,3.98612612058649,26.3250400357761,0.36585005288503,0.928601742352229,0.171450904736562,100.520007449342,-3.09542647450619,-9.55102632401483,7.51971845295285,-3.20078628450449,939.668236965799
"V4","country",10359230062028.4,0.00311948645883583,312.001556396484,569.391182797806,610.981802671264,341.544556331747,19.093181333477,18.6297030726408,90.043564851097,835.231687756727,745.18812290563,569.391182797806,6.19016418805737,55.0932802924076,0.303151080507677,0.875643587516224,0.0769086554743819,94.9240388549773,3.59136988642993,-7.5920252896237,6.30069781082484,-5.04340216720787,927.971440932639
"V5","hiphop",17487473541738.3,0.0228493106050641,325.671081542969,866.85711105351,839.985330678785,596.150498324504,26.249541583712,12.4198020484272,83.8336638268834,1536.95050349286,1453.11683966598,866.85711105351,8.46074810755225,91.0905941064511,0.632652055887677,0.916673094833647,0.128354963955682,101.629017174831,-4.05812410894994,-1.3126892272525,6.41862573106522,-1.66641827483622,969.749028880236
"V6","country",1821027834331.69,4.40023211111181,457.36767578125,849.893514820545,897.95807402237,462.637626303912,28.0611898131991,24.8396040968543,145.932674069019,1316.49901713328,1170.56634306426,849.893514820545,3.64575765940128,18.5641747145598,0.673811178646249,0.927650104990263,0.134872877255794,101.195031933869,-0.62190734130347,-4.23841731579817,-2.14930997696522,-0.391626207351363,943.379753985626
"V7","hiphop",7034361944763.87,22.6387514513956,492.880340576172,906.086148187232,889.493720175085,593.045547812397,27.7966787554714,15.524752560534,164.56237714166,1397.22773044806,1232.6653533064,906.086148187232,9.14652595760082,118.740098046393,0.721843819209457,0.935210458143222,0.136607056461367,107.836198973889,-3.79837803757128,-3.16412300144233,-0.634369864055325,-1.6138318390875,978.299134049024
"V8","country",1076715531412.45,2.10202019057477,319.565216064453,899.162822267731,857.851457895694,648.93465703032,26.8078580592404,21.7346535847475,99.3584163874173,1599.049513735,1499.69109734758,899.162822267731,7.06467716251196,67.8132689275145,0.666458676384266,0.920404354296842,0.115072693405583,93.9080229358486,-2.42122821181487,3.97134247958559,4.56835169438181,-2.51170877588954,923.953561827169
"V9","hiphop",31994418548180.4,14.1902508765516,270.489135742188,685.910687505845,822.550040576425,301.180199674359,25.7046887680133,21.7346535847475,55.8891092179223,1061.89307514052,1006.0039659226,685.910687505845,6.66892903250057,52.9637042543013,0.567288421018952,0.881907769577642,0.091601553050462,100.183402608245,-0.0285984762769337,-0.863603122152921,2.17527160468357,0.609514695392119,958.063235456996
"V10","hiphop",10022546317694.2,0.509358930116485,453.618865966797,941.761221846745,937.689333877883,552.681191155009,29.3027916836839,21.7346535847475,161.457426629553,1648.72872192871,1487.27129529915,941.761221846745,5.6178995717394,48.2453087223818,0.730613506066548,0.940382011126424,0.136393874885094,98.5706739832948,-1.97137410126755,-1.6063299476943,-1.35086641904209,1.8152099476037,930.070412729274
"V11","hiphop",2704603790130.16,8.37074487066726,302.242980957031,819.965035981428,825.452450977718,546.471290130795,25.7953890930537,15.524752560534,136.617822532699,1220.24555125797,1083.62772872527,819.965035981428,6.74841631688093,68.3459876076018,0.65639379625065,0.924393093544472,0.114694711887368,100.258291402132,-2.48591771676476,-1.88807747147272,3.65843827094777,1.69942008479967,953.048186577641
"V12","hiphop",27116928513716.7,12.8480800762847,292.966003417969,945.918834371772,1000.96687520437,530.946537570262,31.2802148501367,15.524752560534,52.7841587058155,1735.6673362677,1682.88317756188,945.918834371772,9.01032759507456,95.3436613660436,0.697069290994427,0.902836848528868,0.109454376118825,100.42147639424,-4.42088212279925,4.94183323900128,2.9782637520721,2.01883931331331,960.235539354145
"V13","metal",770441274818.038,0.0470516570657672,161.981109619141,919.858435060702,884.002665199385,652.039607542426,27.6250832874808,24.8396040968543,133.512872020592,1450.01188915387,1316.49901713328,919.858435060702,9.14631919194555,109.957395896534,0.725823481628655,0.932608216391848,0.140781484348541,92.2142774442529,-3.22570321735393,-3.58887086834238,2.9917147536329,-0.89448802167667,899.255652411873
"V14","hiphop",23671410726842.2,0.260772929448556,239.419006347656,731.382759545368,827.146884128408,381.908912989135,25.8483401290127,15.524752560534,49.6792081937087,1201.61584818533,1151.93663999162,731.382759545368,9.8179000572357,118.632224465585,0.593591206744852,0.88532703799797,0.109755249407325,91.2506535219473,-1.40773710799063,-1.40810979995592,2.57864282791985,1.94133242996813,910.711719005422
"V15","hiphop",4384343760184.41,0.0703261462443689,397.793060302734,923.804197311403,772.506676195508,825.916836220407,24.1408336311096,15.524752560534,99.3584163874173,1549.37030554129,1450.01188915387,923.804197311403,9.510331225247,110.296960479039,0.405886968619336,0.914463204855335,0.152326551840921,86.2853054935547,-6.99610840576705,-0.970254947611651,10.924718907778,-3.17380822346294,883.968192881453
"V16","country",2186326365395.07,86.0082082821603,517.384826660156,1047.60186458799,969.842100538164,679.984162151388,30.3075656418176,18.6297030726408,189.401981238514,1816.39604958247,1626.99406834396,1047.60186458799,4.19140544172346,24.4314270796853,0.773939261044211,0.950663922695967,0.175301780444143,104.178977916166,-3.11379122594438,-0.223137524562227,-3.94023176035619,-1.0926603574263,958.552224149063
"V17","hiphop",7706166198465.67,0.00280592928064617,290.439758300781,802.516387523571,686.589952058605,673.774261127174,21.4559360018314,18.6297030726408,167.667327653767,1269.92475945168,1102.25743179791,802.516387523571,5.59000625109201,43.464334524932,0.330665259010242,0.923116948694861,0.157793676520393,98.6085129866057,-3.07104617344568,-8.67434906601802,8.36827967054732,-5.88891334717313,936.165371582191
"V18","hiphop",9724155900321.77,0.00703990388577356,411.764709472656,537.82214482757,605.284213930006,307.390100698572,18.9151316853127,21.7346535847475,71.4138617784562,770.027727002484,698.613865224028,537.82214482757,7.78314531746584,81.7295840454311,0.247725058980325,0.860172392683977,0.0738591005854178,88.440183295759,4.38120064562076,-7.0338276564104,5.88546631114245,-3.90876209868431,909.708042976275
"V19","hiphop",1475586777532.39,2.64326163950318,471.966796875,1283.42901818002,920.78860237808,1204.72079869744,28.774643824315,18.6297030726408,475.057428352339,1990.27327826045,1515.21584990811,1283.42901818002,8.74295443012286,104.06400118414,0.891089916013298,0.976038701882459,0.224177814601577,95.2244340855508,-8.90551289404983,2.04285878456178,4.84689231925174,-0.257753097408106,915.280532937905
"V20","hiphop",18748007172362.6,0.0385672568087435,442.117706298828,742.530648519903,715.780260809242,552.681191155009,22.3681331502888,18.6297030726408,105.568317411631,1179.88119460058,1074.31287718895,742.530648519903,11.5440669958566,182.530152554031,0.532770138776616,0.903548363629432,0.110556570225942,99.1612219585706,-1.89940917106218,-6.16266301112649,8.84093752128522,-5.79593542486854,950.773279518246
"V21","hiphop",3327306341054.59,0.0243727401968037,233.221160888672,634.461644801238,797.697636141433,267.025744041184,24.9280511294198,18.6297030726408,40.3643566573883,915.960401071504,875.596044414115,634.461644801238,10.7284629725893,142.805897414383,0.502328390185958,0.856167799296222,0.0898915646620543,77.0024769306482,1.81236090919369,-3.36211053942658,4.30946019295568,1.37421509259863,839.727238367332
"V22","country",2112963334873.53,1.59272865067616,416.037750244141,857.24017587504,961.748276604621,341.544556331747,30.0546336438944,40.3643566573883,86.9386143389902,1549.37030554129,1462.4316912023,857.24017587504,5.50396169922938,38.8093073917033,0.637457225024238,0.903121226834799,0.108705972712758,85.3101753314252,-2.24019728726098,5.48564736939755,0.343141209825535,1.0327317020569,872.680375003975
"V23","country",14004462477122.2,0.207612995771992,154.805969238281,421.127474793484,598.47841269218,170.772278165874,18.7024503966306,27.9445546089611,52.7841587058155,462.637626303912,409.853467598097,421.127474793484,6.894300745985,67.7075319344036,0.315178574135262,0.808814140641178,0.0425924693986163,88.0961116905225,10.6411935527897,-4.46782055494759,3.09775883396798,-4.94632848596253,913.840662942691
"V24","hiphop",2620610557085.22,1.79375257731787,379.678375244141,839.917893507657,926.697618239238,428.483170670737,28.9593005699762,21.7346535847475,102.463366899524,1415.8574335207,1313.39406662117,839.917893507657,6.25078963065662,56.5278124442877,0.652281211282034,0.915197266262045,0.11215014030674,88.8559934502668,-0.358077922576084,-0.995160149715774,-1.05930067975215,3.24084501495036,899.15306208787
"V25","country",9408035924500.87,18.4766670925907,235.403228759766,821.382717264391,831.197605427498,549.576240642902,25.9749251696093,24.8396040968543,127.302970996378,1344.44357174224,1217.14060074586,821.382717264391,7.43798996032428,83.2697471575051,0.638332885797333,0.917916192788174,0.128563609753737,109.622905330655,-2.05659242259041,-2.77872906023515,1.01527149650629,2.11977599350463,993.594311014558
"V26","metal",1581434696705.49,0.10219800481132,264.223571777344,672.289616019162,583.707712117464,577.520795251863,18.2408660036708,46.5742576816019,176.982179190087,956.324757728892,779.342578538805,672.289616019162,3.85854201194469,25.4659235162061,0.27894120770059,0.903908881709714,0.137542938700469,98.5114626243386,0.816686581288362,-12.5238612486417,9.05000897733237,-2.44604292329942,936.019305900118
"V27","country",7956262796452.35,4.49444620772832,384.700164794922,742.197513822827,773.629059997278,471.952477840232,24.1759081249149,24.8396040968543,102.463366899524,1182.98614511269,1080.52277821316,742.197513822827,8.05337686854714,87.7171770986932,0.566356410594698,0.897713880248549,0.104861144709468,110.736115242134,-1.45617308677267,-4.37024685751351,2.59386647770646,-0.632382939031207,1005.34280306436
"V28","country",3790003296460.99,0.0442602363289397,555.186767578125,293.130265478709,380.646852173588,155.24752560534,11.8952141304246,71.4138617784562,65.2039607542426,335.334655307534,270.130694553291,293.130265478709,5.13699449603514,34.1803172568982,0.100350306547958,0.771118781075797,0.0387249625042334,80.1102627682496,13.5627100540725,-5.96085711393551,7.55942698913698,-4.8288678309906,872.862529032054
"V29","hiphop",5048085769750.49,0.034387640627156,445.553100585938,784.159887293807,619.845337001761,679.984162151388,19.370166781305,24.8396040968543,248.396040968543,1214.03565023376,965.639609265212,784.159887293807,9.08959914491662,128.362491543277,0.420361570043336,0.907606559656598,0.139841066331221,103.50821929508,-0.78921517248797,-11.7213332454111,9.93842412270674,-5.58845517167086,965.601084978049
"V30","metal",1706920680708.99,0.112357343997029,198.138641357422,870.492866091804,724.533512510932,807.287133147766,22.6416722659666,55.8891092179223,136.617822532699,1384.80792839963,1248.19010586693,870.492866091804,4.99177946134586,34.682228191178,0.375484294970087,0.925281946031121,0.169508079732933,101.423276353558,-4.64120874544225,-2.77211953843804,13.5720295989244,-4.5875980182707,950.884255535168
"V31","hiphop",6249879858193.55,0.00211953508068224,194.195358276367,530.429572415241,668.603512741179,201.821783286941,20.8938597731618,31.0495051210679,31.0495051210679,850.756440317261,819.706935196193,530.429572415241,9.43276810499177,98.9431478391357,0.278820176401289,0.812608974925562,0.0633542382311675,76.61281999217,1.45626402260373,-4.80047366106408,8.31224850344757,-2.83223682493396,851.915769850379
"V32","hiphop",6677556043928.16,0.126358159979042,376.160186767578,594.41180857659,667.232276085246,316.704952234893,20.8510086276639,24.8396040968543,55.8891092179223,974.954460801533,919.06535158361,594.41180857659,8.79123222993951,97.4120129353171,0.28772859253835,0.86326863914191,0.0746694929604722,90.0561511242196,1.71298566188129,-5.60810386958367,8.18579367207347,-3.1383166304447,914.29571517308
"V33","metal",1477850788152.86,0.00141369690673354,435.743408203125,643.347181513283,601.290756363437,459.532675791805,18.7903361363574,15.524752560534,164.56237714166,956.324757728892,791.762380587232,643.347181513283,3.4820243313682,22.3558647536577,0.270048099920484,0.903520935327285,0.128553026271227,103.56097151998,1.91769967190007,-10.0915524018405,7.62431690097463,-8.69097247567627,961.974732210657
"V34","country",2919430194097.73,0.141239173422718,470.285980224609,728.134208060563,620.925435223932,593.045547812397,19.4039198507479,31.0495051210679,195.611882262728,1058.78812462842,863.176242365688,728.134208060563,2.14501899386498,9.56227129085509,0.287181105685933,0.91973609030609,0.158049192026707,105.805511821525,-0.60380426020249,-9.97927502466181,7.54189312240568,-7.41481236057197,965.839784107743
"V35","country",7012592417039.6,61.9539158357763,443.112030029297,927.084397352796,929.386947386791,586.835646788184,29.0433421058372,12.4198020484272,105.568317411631,1589.73466219868,1484.16634478705,927.084397352796,6.11470957682019,47.7386872703504,0.718907577781625,0.926226974769948,0.121034217910881,102.526996078998,-2.41802166513344,2.39603922187951,2.09793822330204,-2.19055140894025,961.081761481599
"V36","country",9727781077066.63,0.0228627136919705,284.149475097656,565.255743615844,672.659202070957,232.871288408009,21.0206000647174,55.8891092179223,65.2039607542426,881.805945438329,816.601984684086,565.255743615844,5.69132343868362,40.1829619482928,0.269440019966478,0.85671077784304,0.0718013692002516,97.8992153957022,3.3081786675626,-3.04052429721616,6.18715968030153,-4.42572228915183,947.099755467985
"V37","country",4196830946433.89,9.14482499821708,344.081726074219,865.579809737792,855.897166746223,580.62574576397,26.7467864608195,46.5742576816019,145.932674069019,1328.91881918171,1182.98614511269,865.579809737792,4.39704855602823,26.5145911183537,0.699655793320561,0.936269752976379,0.137845323915042,101.39987251133,-1.83855218498527,-3.70147311473953,3.01170594329526,-0.396845618644987,945.894260615054
"V38","hiphop",1497406991919.83,0.139146152064896,540.232116699219,673.031791636656,649.879093871731,453.322774767592,20.3087216834916,15.524752560534,167.667327653767,993.584163874174,825.916836220407,673.031791636656,4.11512283481704,29.1973588578875,0.482644338833221,0.907731531815793,0.124041438869805,91.0040680197891,0.0306957267498766,-8.73171356286966,3.05352146229875,-5.44886927061179,892.549633260988
"V39","metal",2930880934985.42,0.00167155836265364,355.226715087891,888.868968918645,685.133000395688,801.077232123552,21.4104062623652,37.2594061452815,279.445546089611,1369.2831758391,1089.83762974948,888.868968918645,5.08143987637912,40.430712997103,0.361347094756611,0.934972055291031,0.1918679544245,101.842233351519,-5.09121888442185,-8.55958313386413,9.47233377697014,-5.53728771183195,947.28115498069
"V40","metal",3033133121078.51,0.0320652894210029,170.930236816406,707.508438413557,615.344725472936,574.415844739757,19.2295226710292,31.0495051210679,192.506931750621,1043.26337206788,850.756440317261,707.508438413557,3.2352614799937,18.7098504318934,0.278976428454303,0.912805669873607,0.150031448062316,109.561591982824,-0.371862047716803,-10.0167609394408,7.88686299091712,-6.29722151446457,989.637274451223
"V41","hiphop",14807058608795.6,12.7008973357615,296.11767578125,982.183784564546,953.600592311447,782.447529050912,29.8000185097327,18.6297030726408,62.0990102421358,1689.09307858609,1626.99406834396,982.183784564546,9.61261077650882,106.631030850991,0.716705746181722,0.910273859593274,0.121056896801974,102.646401649125,-7.42150975539588,5.52202534856362,8.95301867248881,0.637920203361064,976.365301068837
"V42","hiphop",27468915751723.4,0.669830013688915,286.363647460938,728.009658361603,790.751253767632,453.322774767592,24.7109766802385,24.8396040968543,83.8336638268834,1052.5782236042,968.744559777319,728.009658361603,8.46798007669558,95.5810018393008,0.58736467553364,0.89851168162518,0.0829503120615414,102.26761576283,2.57883228729276,-6.97522351358342,2.93363892341213,0.615771456154142,973.847172406831
"V43","country",4679570537753.07,0.416928216520326,407.070739746094,688.666561329442,635.640879212186,456.427725279698,19.8637774753808,90.043564851097,183.192080214301,1015.31881745892,832.12673724462,688.666561329442,2.50609060846804,11.0746317148793,0.291177844107682,0.912550759480039,0.138661763994388,107.237129326643,1.20915913082082,-9.69656688270093,3.30234817717039,-8.98565079522839,970.441207330123
"V44","country",4444324357253.83,0.0340893898392516,223.651458740234,565.528791276874,597.190015291456,357.069308892281,18.662187977858,15.524752560534,96.2534658753106,850.756440317261,754.502974441951,565.528791276874,4.09579842342757,22.9140036911061,0.261367855534191,0.875276763829035,0.0991702549712129,100.572956518776,3.24250424406758,-8.48616529188835,7.77731300268832,-3.33371273894101,952.715773859684
"V45","hiphop",17716149815452,0.169558773882746,384.789886474609,801.720501369981,831.120944394974,503.0019829613,25.9725295123429,18.6297030726408,68.3089112663494,1304.07921508485,1235.7703038185,801.720501369981,13.5141191567208,223.948059058164,0.643178586995424,0.900950212588001,0.0944409502152983,97.4556394455326,-2.75714554651311,-2.87877045872778,2.17772360180454,-2.71977817505806,939.549443296357
"V46","country",4190258141417.69,0.0528401330089033,380.658569335938,676.740772276708,649.596198827982,434.693071694951,20.2998812133745,90.043564851097,155.24752560534,1024.63366899524,869.386143389902,676.740772276708,3.5199654406207,21.0001568411021,0.363331816447813,0.907095163121266,0.117712516328802,104.141358456478,2.62360399942427,-7.62607350244333,4.47178225582959,-7.70553927231964,963.568456280452
"V47","hiphop",26717505242886.8,0.0758358534165442,380.424682617188,705.618408012734,857.120583765597,298.075249162252,26.7850182426749,18.6297030726408,77.6237628026698,1043.26337206788,965.639609265212,705.618408012734,11.7771967411709,183.885781901666,0.574647484317782,0.882119791523067,0.0967874594803812,96.2825204258181,0.88718783348828,-1.47881140028891,0.285529395705842,0.57540674097332,932.237288891628
"V48","country",6354553372809.93,162.626642399557,266.184051513672,1002.65667340554,874.129699487765,754.502974441951,27.3165531089927,18.6297030726408,276.340595577505,1571.10495912604,1294.76436354853,1002.65667340554,4.91142894914197,39.1156648798037,0.780736716002669,0.956834175521072,0.187808432918864,112.008585550644,-5.00357596450688,-5.07020808596162,0.934070621170424,0.60528853163017,992.332830831707
"V49","hiphop",2959923065237.41,0.00658527811839103,576.212646484375,695.223794903192,856.602997188349,273.235645065398,26.7688436621359,21.7346535847475,58.9940597300291,1049.4732730921,990.479213362067,695.223794903192,6.92793434869645,61.9168042317737,0.569513841562621,0.881710415176045,0.0789542914509652,88.5115429667948,1.72074272815989,-0.984695991835372,1.72699299791154,0.811091267154161,904.288968573541
"V50","hiphop",21663120980963.1,1.58952833963318,169.627243041992,940.23320654253,1013.50022419096,444.007923231271,31.6718820059676,40.3643566573883,49.6792081937087,1816.39604958247,1766.71684138876,940.23320654253,8.95696787092056,95.7568458520391,0.650372926069216,0.887516021390034,0.10766123179641,100.612696404592,-4.96534990624278,6.7409667823099,4.89233496783137,4.18677406513869,963.023004975792
"V51","hiphop",3735240214132.1,0.0816736935131152,383.874298095703,662.765356158253,832.291334121089,235.976238920116,26.009104191284,43.4693071694951,74.518812290563,965.639609265212,891.120796974649,662.765356158253,5.82897629828303,43.448578682731,0.53016215506418,0.872236660175135,0.0808154724466593,95.7648817857779,0.452916592850856,2.1023037678094,4.42952852169,-0.0537839758333234,931.192881356392
"V52","country",2034730491568.27,0.274392850479299,252.751037597656,490.668694309206,510.098891440473,316.704952234893,15.9405903575148,31.0495051210679,102.463366899524,711.033667272455,608.570300372931,490.668694309206,5.98581152643519,57.0519416556822,0.272999135365148,0.855578754186186,0.0853648579999032,100.032636700058,6.15590332096321,-10.5779352853592,6.00784135462794,-4.14236447121952,953.407788461676
"V53","country",1487863807033.26,0.00712017051578153,277.076599121094,325.872259723234,445.914866299817,167.667327653767,13.9348395718693,43.4693071694951,55.8891092179223,375.699011964922,319.809902747,325.872259723234,5.37452619876558,37.4703308455524,0.138768788015634,0.785386388816701,0.0503002685180705,82.7662832688707,10.7035578211389,-7.48731098194765,4.75662558123641,-5.32581732399769,880.132642213099
"V54","country",2730562555585.57,11.8541158000914,302.054809570312,857.646830135792,886.659155813173,468.847527328126,27.7080986191617,37.2594061452815,145.932674069019,1450.01188915387,1304.07921508485,857.646830135792,5.30152375402905,40.2809582878719,0.686437762095055,0.927085815755387,0.121327531569016,97.0737457954534,-1.51254485931019,-1.63471267650128,-0.727066049545195,-1.15914040396229,927.861782944718
"V55","hiphop",15734662172816.9,0.00492463382156688,559.773803710938,545.894602281067,611.149918532263,322.914853259106,19.0984349541332,15.524752560534,74.518812290563,785.552479563018,711.033667272455,545.894602281067,8.88339120320411,117.364274882087,0.247338075047095,0.862134310598204,0.101666444917509,92.7960307243827,1.81200537283704,-9.09716879600635,4.69991286980983,-4.21391911714979,908.858734215709
"V56","country",703691662417.432,0.0242594544004231,223.754608154297,608.365326960197,643.779655092006,360.174259404388,20.1181142216252,43.4693071694951,93.1485153632038,919.06535158361,825.916836220407,608.365326960197,6.34916907624071,59.0365811173612,0.281798546379416,0.874430712882877,0.0893623905365523,93.2997563751565,2.78289181569646,-6.12045212760458,9.07798611251311,-3.49311326528465,917.358337645541
"V57","hiphop",6389681068645.45,0.0753628183636233,542.913940429688,558.146638398302,702.130747459367,220.451486359582,21.9415858581052,15.524752560534,43.4693071694951,810.392083659873,766.922776490378,558.146638398302,7.50472518207163,68.9363617035232,0.283652813716668,0.84286618820762,0.071400708790943,87.6374084277371,3.06099584158781,-3.35104875608566,4.58127546403727,-1.05855020411219,908.204170896445
"V58","hiphop",9593729766999.63,1.3731275481954,507.899017333984,1049.13404853819,938.93498817107,804.182182635659,29.3417183803459,15.524752560534,176.982179190087,1776.03169292509,1599.049513735,1049.13404853819,10.0574639745261,127.960506688644,0.79701954488677,0.946726694330261,0.127214971696744,96.8417090624874,-1.65274789710279,-3.62472650816495,2.13248929657569,-0.584513251350199,925.501915100632
"V59","country",6462280381042.71,0.0429283658806891,378.364074707031,452.271595072073,504.34636629423,254.605941992757,15.7608239466947,71.4138617784562,105.568317411631,608.570300372931,503.0019829613,452.271595072073,4.05460910301313,22.3379835502526,0.179516701725701,0.838656846997261,0.0606085804828487,88.9218271524787,11.5941017015451,-9.19016413550811,4.18885294535347,-5.33074359013509,895.807145346004
"V60","hiphop",2246308563681.65,0.379658197614116,334.311126708984,779.137751476545,790.9905348576,565.100993203436,24.7184542143,18.6297030726408,65.2039607542426,1210.93069972165,1145.72673896741,779.137751476545,7.57901265808835,72.8330156894144,0.595710728730454,0.900019448144746,0.0939027045333591,88.5029886328396,-0.565743338394578,-5.24956038713295,8.39540580655857,1.28094460977908,903.100293428357
"V61","hiphop",16547033051829.5,0.14827949700281,257.849029541016,757.263545270805,856.099289487071,332.229704795427,26.753102796471,27.9445546089611,55.8891092179223,1328.91881918171,1273.02970996378,757.263545270805,7.45622078286608,64.6309990496439,0.598945784903501,0.879786124165099,0.0776117010982631,98.3001215600527,-1.88088968904779,2.42140613886989,8.04529028904769,1.35244017803798,955.489893466323
"V62","hiphop",2327004118542.9,6.13336913689189,592.281555175781,787.126079979855,832.872236901564,428.483170670737,26.0272574031739,18.6297030726408,127.302970996378,1310.28911610907,1182.98614511269,787.126079979855,8.80222949660406,118.024920804596,0.629698581211508,0.914080937251533,0.102930415114423,96.1325053450119,-1.6864206032846,-1.4091182896549,1.74971545098691,-1.5139488998309,926.938942326291
"V63","country",9119809369177.12,0.00753918000586136,501.136352539062,540.758946861235,686.788980665772,180.087129702194,21.4621556458054,15.524752560534,55.8891092179223,844.546539293047,788.657430075125,540.758946861235,7.34056817621063,73.6029025283726,0.259315008589147,0.835700712972707,0.0583406913735546,89.3198295304438,5.03361891521851,-1.44650067659905,7.33539241127549,-5.0694810509908,918.875116870271
"V64","metal",4352465558199.97,0.0461902652477135,288.634368896484,777.483955246155,692.231509802882,661.354459078747,21.6322346813401,52.7841587058155,121.093069972165,1223.35050177008,1102.25743179791,777.483955246155,4.83736158180133,32.7615387137265,0.34250852614615,0.917562592533566,0.152606258164401,101.234116705283,-3.18942301482265,-5.16985928933203,11.2648941308488,-3.84553043920362,952.259872250974
"V65","country",543773393882.45,0.00550185035179046,534.452880859375,700.982345049287,660.06868981337,484.37227988866,20.6271465566678,21.7346535847475,158.352476117446,1086.73267923738,928.380203119931,700.982345049287,3.2956136234191,16.9347064583444,0.312076618104038,0.907134803375159,0.121129469253471,90.1166422939458,1.74603629206035,-9.40612457900376,6.93655011246709,-7.20353267069395,886.375619467191
"V66","country",6329656234905.43,0.356411406112723,297.169799804688,579.163148845226,615.000363945727,341.544556331747,19.218761373304,55.8891092179223,108.673267923738,853.861390829368,745.18812290563,579.163148845226,3.67271703918001,17.8636066181854,0.337729877784092,0.878696721847358,0.0931285983840534,102.849120350505,2.94112772832185,-6.86920960918394,8.29997202985085,-3.5624176389515,964.669778460227
"V67","hiphop",2917939360026.23,0.582309046683567,337.299896240234,541.877498018271,667.110696745083,223.556436871689,20.8472092732838,18.6297030726408,52.7841587058155,856.966341341475,804.182182635659,541.877498018271,6.69200608726488,53.6388291453959,0.416412456110367,0.847014645247128,0.0609850500749915,91.3102014366062,1.81543544243371,-3.74121110380211,7.68728009158491,0.172705918187951,914.817285977382
"V68","metal",11131959878723.6,0.510467245073195,352.881988525391,722.42222856324,699.559607679923,481.267329376553,21.8612377399976,15.524752560534,121.093069972165,1148.83168947951,1027.73861950735,722.42222856324,6.35517389825329,56.5850585174734,0.437978571573452,0.908939922921479,0.12127159030432,106.595546446847,-0.754286418932978,-6.33823484258709,5.15015640008301,-6.78323260179601,980.537925679746
"V69","country",954578492285.49,3.23114438318307,500.681213378906,658.071130736626,860.083782403335,170.772278165874,26.8776182001042,127.302970996378,77.6237628026698,1027.73861950735,950.114856704678,658.071130736626,6.14828627872693,46.9160322199682,0.52043405206901,0.856319237379344,0.0691509627945232,86.868488277567,2.0790184941741,6.67379735854055,1.34325969741249,0.681318931037563,898.396577371191
"V70","metal",4441999115575.82,1.27206542750866,212.806228637695,680.88137593093,632.319533219536,546.471290130795,19.7599854131105,21.7346535847475,105.568317411631,1049.4732730921,943.904955680465,680.88137593093,5.91397771796403,48.2134699158789,0.291904844709519,0.899397314267816,0.116973184479172,106.969202290207,-0.807373409633956,-8.09570910900993,10.2369827616488,-4.10474161349821,985.833865315831
"V71","hiphop",2392609768038.84,0.0732814612703207,278.121765136719,730.255681919,884.318050264181,326.019803771213,27.6349390707557,15.524752560534,31.0495051210679,1127.09703589477,1096.0475307737,730.255681919,10.6587187044219,130.741199227127,0.584614633776229,0.862836415267185,0.0609291088102956,76.4600211640421,-0.131304308875292,-1.87410298804908,4.69699731019296,4.21511586216758,843.198872116045
"V72","metal",1605112886441.12,0.110534546355501,144.117645263672,810.552336642841,661.651485236715,667.56436010296,20.6766089136473,21.7346535847475,242.18613994433,1198.51089767322,956.324757728892,810.552336642841,2.86071561880432,19.6416516783184,0.346317438582283,0.932617117735067,0.180180765881271,108.371633492906,-2.26254626093399,-9.32852205948931,5.38503130041073,-7.16589265007706,974.02681635674
"V73","country",815352547116.031,0.0442506587619528,305.197052001953,621.365227230525,581.616252750912,462.637626303912,18.175507898466,34.1544556331747,136.617822532699,884.910895950436,748.293073417737,621.365227230525,3.30167608579686,17.0788354026578,0.260283556365435,0.893044462960136,0.121992779041076,96.4859031145916,2.54168208038603,-10.7915247611877,7.77348873618413,-5.00664493413495,922.566058821751
"V74","country",4151595624522.48,0.0815027201682898,367.5,544.232246042056,624.296510774516,270.130694553291,19.5092659617036,31.0495051210679,86.9386143389902,832.12673724462,745.18812290563,544.232246042056,5.02471075989065,35.5582391365247,0.320503910082511,0.860156759425301,0.0755554816391698,95.8401339020739,4.65282403960992,-5.01363646402894,6.6896883786215,-4.94076636324204,934.644744111032
"V75","metal",5020103247107.56,0.0735285360072617,238.4775390625,819.937276953155,677.562136556908,742.083172393523,21.1738167674034,46.5742576816019,167.667327653767,1248.19010586693,1080.52277821316,819.937276953155,5.05640221242708,37.8711319590402,0.335400007671154,0.920608159668977,0.162746746335091,98.1678646515438,-2.82566606027361,-7.13378613074485,12.4541267891192,-6.53910392421598,930.813988103406
"V76","metal",8563392023068.17,0.0353400920677319,128.040557861328,624.096815471434,647.291474326616,447.112873743378,20.2278585727068,18.6297030726408,58.9940597300291,971.849510289426,912.855450559397,624.096815471434,6.75119122081753,57.3630546948161,0.347075759888865,0.87327666513224,0.0863188833518796,100.455789196633,0.0206980351009189,-5.84648280028224,12.0332949711116,-2.05618610383348,962.246419386838
"V77","metal",1083110238066.48,0.115190664889608,208.257354736328,855.530647763404,753.425178806675,717.243568296669,23.5445368377086,27.9445546089611,183.192080214301,1248.19010586693,1064.99802565263,855.530647763404,5.01775201993656,37.9254143645384,0.599920762575141,0.930046297489047,0.16860848371958,97.4084310802781,-4.93575735404539,-5.03247727198188,6.07057035618211,0.212415198725966,919.296792525711
"V78","metal",6657332584258.16,0.130608194250172,417.967071533203,603.861924878022,616.81693236838,450.217824255485,19.2755291365119,46.5742576816019,65.2039607542426,943.904955680465,878.700994926222,603.861924878022,5.98494648575586,46.2415269881729,0.260609837032209,0.877062450177099,0.0925570903285113,94.0399460015063,1.74069315992729,-8.08861075264555,13.2639802653204,-2.26154101394274,930.813591560234
"V79","hiphop",5383194482082.96,0.0783740657981621,353.15478515625,601.69314650159,754.81899854564,195.611882262728,23.5880937045513,21.7346535847475,52.7841587058155,915.960401071504,863.176242365688,601.69314650159,7.1887801699423,67.6549316263008,0.295823174178639,0.850439644776676,0.0682952126372829,91.1351241746804,2.89060821955986,-1.16707128885581,5.69984738526307,-1.14327106781259,923.291814310796
"V80","country",1485363921338.91,0.686208659561033,307.259857177734,830.250661829677,836.390156788584,487.477230400766,26.1371923996432,24.8396040968543,80.7287133147766,1493.48119632337,1412.75248300859,830.250661829677,7.14839831324791,62.7802292184891,0.617631304289792,0.904852179542389,0.0869221418549519,92.0009300689931,-0.572818081300233,1.97311196445057,6.21358044408589,-1.45933936236023,919.120205851325
"V81","country",2861027014351.56,0.000368375500058663,234.313507080078,719.623952344026,791.627404556184,440.902972719164,24.7383563923808,31.0495051210679,133.512872020592,928.380203119931,794.867331099339,719.623952344026,3.7249739425909,20.4356587092964,0.558021954885478,0.903613601082067,0.122939244762688,105.242725337003,-0.564805124181151,-6.68069952634867,-1.38315442303454,4.22931362123305,961.574547463899
"V82","country",3228400366465.13,0.0326754726848419,269.651458740234,475.598430559297,608.248066611041,201.821783286941,19.007752081595,24.8396040968543,58.9940597300291,673.774261127174,614.780201397145,475.598430559297,5.69918151730647,40.9502793455596,0.221114382655938,0.821192470237055,0.0550053824568194,92.8749785998645,4.79328825884917,-2.58755278707552,6.9116183853448,-5.23985267524444,930.034123976399
"V83","hiphop",24334602529034.4,10.7886963555852,275.625,523.82209093409,771.817202820918,133.512872020592,24.1192875881537,24.8396040968543,37.2594061452815,717.243568296669,679.984162151387,523.82209093409,8.92018617195782,96.7934750282137,0.41577365101687,0.814723048069954,0.0424836107213702,95.2448428266498,3.10366740342057,1.20665633533915,5.92869001726219,5.585617951864,956.346655284575
"V84","country",2519402856695.76,1.48595240669447,350,775.527474550745,770.422416801096,509.211883985514,24.0757005250342,43.4693071694951,173.87722867798,1117.78218435845,943.904955680465,775.527474550745,3.20535526085712,15.6937957803306,0.620097845401056,0.924809963908571,0.134469192994339,98.9960467524955,-0.0400822314383712,-7.77492463807125,-0.0604467170716771,-0.266421106475149,928.300896539033
"V85","country",1811195832799.4,0.00110312730851206,448.234649658203,434.349952451623,561.347022335376,198.716832774835,17.5420944479805,55.8891092179223,80.7287133147766,574.415844739757,493.68713142498,434.349952451623,4.24582117510356,23.1017653214859,0.307751846817136,0.832316974255227,0.0599055348589675,91.1353879570468,6.3160927221698,-5.37477051757497,4.04984466668293,-0.411892529481924,906.063844718219
"V86","country",7919684669151.66,0.0982315118040477,246.744659423828,376.356995304256,484.074338960793,158.352476117446,15.1273230925248,43.4693071694951,49.6792081937087,540.261389106582,490.582180912873,376.356995304256,5.85636273317867,43.0108603468059,0.152602219280965,0.79902199449968,0.0611619454255165,86.1774556546516,6.72575074877435,-7.7522961355295,10.1928550640754,-3.96242760549968,896.220404696515
"V87","hiphop",3217671888793.49,0.00353064848519991,396.990051269531,544.592733879368,607.785589986783,307.390100698572,18.993299687087,18.6297030726408,83.8336638268834,791.762380587232,707.928716760349,544.592733879368,7.55100768415761,84.5141950147186,0.257842068339001,0.864428744949162,0.0731227925879336,87.9299783278215,4.26146309726941,-6.66341293451023,5.68506769386373,-5.28738715083756,902.984244233594
"V88","country",1777622943966.11,0.000473532683874165,504.353393554688,568.913458400971,568.138951675427,412.958418110203,17.7543422398571,40.3643566573883,127.302970996378,807.287133147766,679.984162151388,568.913458400971,4.09644253305032,25.2535079420815,0.23871446918984,0.873900133647682,0.0984611616430403,98.3812855660027,4.20408472609968,-10.755593015696,6.27823061708048,-3.06177318336568,935.452453801928
"V89","hiphop",14009283838827.4,1.32865791084975,548.123107910156,727.335238069105,798.418745097721,353.964358380174,24.9505857843038,18.6297030726408,71.4138617784562,1223.35050177008,1151.93663999162,727.335238069105,8.44772606338171,96.2513155967688,0.577486677654763,0.889327508344775,0.07948497750254,95.9481597885822,0.611847950134855,0.473849795669031,4.59405010984116,-4.17406891469311,934.450500777159
"V90","hiphop",4660617069721.49,0.021472615770466,469.14892578125,518.619342449657,626.09849356043,242.18613994433,19.5655779237634,24.8396040968543,49.6792081937087,779.342578538805,729.663370345096,518.619342449657,11.6553253433462,168.842926338144,0.26401634695306,0.838783480910809,0.0656251511926073,79.9411790032026,3.61805202100867,-4.33443799291077,5.90521095128924,-5.95141585171389,863.414837401321
"V91","hiphop",19184376818473.2,1.29304486379972,400.049468994141,819.141579668575,838.316243150006,527.841587058155,26.1973825984377,18.6297030726408,71.4138617784562,1347.54852225435,1276.13466047589,819.141579668575,13.6211634639088,226.467098541034,0.653848879937016,0.903458505162522,0.0995285814504814,95.8871212821264,-2.68460545472909,-2.95145649150784,2.34740710269413,-2.79350173867544,931.742672034438
"V92","country",692617892760.188,1.30266334954304,405.850646972656,785.502741177008,911.09673664007,307.390100698572,28.4717730200022,18.6297030726408,105.568317411631,1304.07921508485,1198.51089767322,785.502741177008,4.74215446210928,30.4374527707969,0.607682700050274,0.898706353655753,0.0990870990372055,94.7464833198525,1.5940411629969,0.728884343029568,-2.26968106737523,-1.73900693515352,920.739429112566
"V93","country",3711221255482.34,19.71931503331,353.743316650391,834.138109143719,789.299302025558,589.940597300291,24.6656031882987,21.7346535847475,189.401981238514,1285.44951201221,1096.0475307737,834.138109143719,4.38535057418432,30.1922591600769,0.649887958872827,0.933465756476524,0.146390730078862,111.604346303661,-2.36381702530586,-5.57694480831194,1.16258098432439,0.355908312268345,1000.13410670806
"V94","country",9634537679963.77,95.3545463421422,513.7529296875,813.107674043085,786.254272322572,549.576240642902,24.5704460100804,18.6297030726408,201.821783286941,1207.82574920954,1006.0039659226,813.107674043085,5.45895118069379,45.1940791431142,0.646485733099929,0.929695038794749,0.140760317383521,109.558418479494,-3.48823764163597,-6.84497951647355,-0.893581872230437,-1.53513444616003,982.007682399341
"V95","metal",1581434696705.49,0.10219800481132,264.223571777344,672.289616019162,583.707712117464,577.520795251863,18.2408660036708,46.5742576816019,176.982179190087,956.324757728892,779.342578538805,672.289616019162,3.85854201194469,25.4659235162061,0.27894120770059,0.903908881709714,0.137542938700469,98.5114626243386,0.816686581288362,-12.5238612486417,9.05000897733237,-2.44604292329942,936.019305900118
"V96","country",718398775901.828,0.154115070113152,239.673919677734,736.837830284599,643.408234452914,574.415844739757,20.1065073266536,21.7346535847475,195.611882262728,1071.20792667684,875.596044414115,736.837830284599,2.9720981649918,15.873350299644,0.312341413896095,0.918103605978312,0.150358024094054,102.865962962752,0.553474201857889,-10.2409883569903,6.00320402681375,-5.98281033057743,953.459765411751
"V97","hiphop",3461248104799.45,0.0204620235063046,384.782623291016,487.421330506013,644.24904056201,195.611882262728,20.1327825175628,21.7346535847475,55.8891092179223,608.570300372931,552.681191155009,487.421330506013,7.67356671712937,79.8561817504975,0.238911496734687,0.829610724030377,0.0706371861241473,84.226675307255,4.93619220223233,-3.72398377804532,3.67697165667472,-0.658790302727271,893.055727305718
"V98","hiphop",19057051065457.2,0.0408300373830698,514.770202636719,746.703680150709,679.092256020974,549.576240642902,21.2216330006554,15.524752560534,195.611882262728,1096.0475307737,900.43564851097,746.703680150709,3.80074469023392,25.2201985796908,0.541184833585361,0.925143226634313,0.139044281290822,102.17282117771,-0.92516029948668,-10.6087990081301,5.98553451724933,-7.46299057838175,956.901822144778
"V99","hiphop",9045810687024.7,0.154171105168223,587.833251953125,703.856484618738,790.005613703827,372.594061452815,24.6876754282446,21.7346535847475,65.2039607542426,1086.73267923738,1021.52871848313,703.856484618738,9.75255142696328,114.661087522634,0.566007841140762,0.883554530257987,0.0610878610479462,94.7496029135277,-0.220474585465427,-2.44459595382218,2.95175227809302,-1.18985530165108,925.532948282059
"V100","country",2147196247348.44,7.70486253256247e-05,341.884765625,337.206374612493,468.229987571571,149.037624581126,14.6321871116116,74.518812290563,74.518812290563,353.964358380174,279.445546089611,337.206374612493,4.94644952125377,31.1664020718696,0.141628697374491,0.781619011171871,0.0458385746770526,83.283964523564,14.3501683032989,-4.10948672494849,3.52816352609981,-4.47009152531406,889.54769933101
"V101","country",1594351648773.44,0.0649178478896231,334.996673583984,559.110541514161,648.376437471396,276.340595577505,20.2617636709811,18.6297030726408,102.463366899524,810.392083659873,707.928716760349,559.110541514161,4.08083394830448,22.7933570694123,0.428972602923667,0.873431461667174,0.0766380207073395,87.2985329178169,3.3812737672811,-2.67187271737032,6.0743175021116,-1.97986959546612,883.89345885156
"V102","metal",15868734229477.8,0.100650256032426,353.499389648438,874.225879138492,710.618538766756,785.552479563018,22.2068293364611,18.6297030726408,204.926733799048,1328.91881918171,1123.99208538266,874.225879138492,6.10986543002543,70.5041996549403,0.572669682921442,0.937050882078947,0.179551804634961,113.085197620513,-4.00550616242844,-5.90941764096908,9.09494831378155,-7.61619476121159,1007.77014240599
"V103","hiphop",19567770769485.8,23.9581904378078,225.719772338867,823.587140686725,982.389512585542,242.18613994433,30.6996722682982,24.8396040968543,52.7841587058155,1586.62971168657,1533.84555298076,823.587140686725,7.82964436992468,71.8289677465115,0.601766244813595,0.868718519465905,0.0693354177754125,99.2114085749535,-1.10359600600103,8.20565044731228,3.11451340095998,1.72278124806242,971.990831824214
"V104","metal",11740333978070.2,0.184928807855541,167.045455932617,838.893129796634,704.453112373052,676.879211639281,22.0141597616579,21.7346535847475,192.506931750621,1372.3881263512,1179.88119460058,838.893129796634,6.43081127992267,61.2421871314335,0.348525899604914,0.926763570946405,0.163037036141081,112.775380801146,-3.27432458310048,-7.69813937571201,8.48897166890738,-3.78281010981871,1011.0307507282
"V105","hiphop",9149983457664.36,1.33386124817096,133.636367797852,705.75274536107,745.734427640577,450.217824255485,23.304200863768,24.8396040968543,49.6792081937087,1142.6217884553,1092.94258026159,705.75274536107,9.37744117338854,101.187841983575,0.533679255907375,0.879948818523222,0.0702153587498186,97.122925480874,-2.64642848887845,-2.83627990549016,7.04068169496563,-0.847351739237168,945.892892339297
"V106","country",4025937973160.43,0.0846800851419869,522.220703125,487.769601612393,587.936744218537,226.661387383796,18.3730232568293,15.524752560534,71.4138617784562,707.928716760349,636.514854981892,487.769601612393,4.82100774076722,31.3329360933307,0.236652525420759,0.849210449108081,0.0661452537616721,96.8291730821872,4.54239888562028,-4.94118483073906,7.17038821447892,-2.96649730303184,945.019268241847
"V107","metal",720414942917.151,0.125614188463669,121.032936096191,989.292276267941,836.030113236178,794.867331099339,26.1259410386306,15.524752560534,248.396040968543,1558.68515707761,1310.28911610907,989.292276267941,6.40506426073158,56.4840610081871,0.735937679918283,0.950929968662647,0.192670787169191,96.7144019878777,-7.2694277298053,-3.95586424974065,4.0716285294791,1.00318703522522,913.788527661589
"V108","metal",1035561172730.9,0.0571978169908136,560.133850097656,766.09269198722,741.508393742693,555.786141667116,23.1721373044592,52.7841587058155,102.463366899524,1241.98020484272,1139.51683794319,766.09269198722,5.83886630861554,44.616423703027,0.379445140962054,0.908814217345358,0.143082635831438,86.0314674439756,-3.21760676514429,-3.88990987301619,8.1214969746796,-3.14438677630499,867.478635554944
"V109","hiphop",4592282620748.44,0.00171919665271586,367.618957519531,501.519847103852,633.044166235628,180.087129702194,19.7826301948634,31.0495051210679,40.3643566573883,813.49703417198,773.132677514591,501.519847103852,8.46887938018196,85.9827705086018,0.252404414242509,0.81905223435397,0.0678945522279743,75.7070739681132,2.68483312260348,-5.81368117813449,10.4082177946718,-0.926036419734961,846.580152680419
"V110","country",2989064698321.5,0.0349854427590904,280.469482421875,491.77936555089,563.155617063321,263.920793529077,17.5986130332288,15.524752560534,77.6237628026698,711.033667272455,633.409904469786,491.77936555089,5.8709982288881,50.1656932887249,0.220008263806266,0.848532987376035,0.0693611205186511,94.763137982684,5.33240369236286,-7.24912106610077,6.5224605422007,-3.07880471995827,935.227049494484
"V111","country",986231778865.328,0.282988550380527,265.662658691406,435.149720728365,503.451725472362,192.506931750621,15.7328664210113,102.463366899524,96.2534658753106,655.144558054533,558.891092179223,435.149720728365,5.30191497525663,36.5891602638949,0.24372849934444,0.824439466770131,0.060263861338236,84.8447776799564,8.03966738055012,-3.95289346278187,10.6821010625706,-4.64071958942319,877.849144616135
"V112","hiphop",6916669999664.53,0.303400963771286,250.464691162109,1548.48854984723,918.485433699712,1533.84555298076,28.702669803116,1807.08119804615,754.502974441951,2325.60793356799,1571.10495912604,1548.48854984723,0.692353008386155,3.69665890328977,0.860099422873044,0.981429393222876,0.260507886206396,107.901039255083,-5.08447174523382,-7.98533995662586,-3.44040841071837,4.17347831298994,997.887492174529
"V113","country",2179137477065.99,7.10137144938543,470.838684082031,838.170457266969,849.997622461184,512.316834497621,26.562425701912,24.8396040968543,164.56237714166,1232.6653533064,1068.10297616474,838.170457266969,3.65368964972935,19.5633495150266,0.664852604307836,0.929244079493992,0.129708137790895,96.1825328717485,-1.43343740608993,-3.76843860743592,0.33197132248505,0.0329617984833309,917.933181629748
"V114","country",5850102916175.53,0.128489982407662,314.649230957031,512.281283666015,727.136313349426,86.9386143389902,22.7230097921695,9.31485153632038,27.9445546089611,850.756440317261,822.8118857083,512.281283666015,8.49735920886349,88.5281848478303,0.259171249934769,0.790675480022116,0.0461696864870095,84.8560796221991,1.16815977545804,5.15086556670353,11.7544223370017,-2.99404701630314,901.273531548703
"V115","country",9504266945048.73,0.0552751801948059,337.456420898438,634.224183552101,658.291637485442,378.803962477029,20.57161367142,31.0495051210679,99.3584163874173,1006.0039659226,906.645549535183,634.224183552101,5.42144363909437,43.1588643993509,0.287947183914446,0.883419921027605,0.113913046107698,104.955039300029,1.0349463043261,-5.9716238507448,4.29685202758822,-6.18922446042846,977.282937813895
"V116","hiphop",2687465638300.65,0.115908253404684,554.883178710938,629.075260169139,607.252392600628,431.588121182844,18.9766372687696,15.524752560534,158.352476117446,940.800005168358,782.447529050912,629.075260169139,4.02080811528398,28.1065100044878,0.415375806807166,0.898649703245796,0.120172420049349,93.9436464986547,1.04712459213042,-9.94314836848618,4.11489519807622,-6.4668933579657,912.45349149134
"V117","hiphop",7698279392629.34,0.389743439458469,306.792297363281,535.982804816624,632.362675262394,263.920793529077,19.7613336019498,18.6297030726408,31.0495051210679,894.225747486756,863.176242365688,535.982804816624,11.6635943052449,155.758333236833,0.377518421858124,0.822314892212396,0.0539787846533456,90.620723068277,0.0380051459356777,-5.80911384442457,10.4593221516303,0.0756437321567154,916.614087784866
"V118","country",902030383566.31,0.0349524249844231,288.319671630859,354.819307636532,528.221336824274,121.093069972165,16.5069167757586,15.524752560534,37.2594061452815,397.433665549669,360.174259404388,354.819307636532,7.73974369415636,75.1065760410812,0.174289081829325,0.770659930692703,0.0355181673036915,79.0173636761945,7.51890011467379,-2.23097431118755,7.2124554864194,-5.46506375518595,863.605959420183
"V119","country",7573274788951.24,0.383306467477161,295.987640380859,625.81815060643,654.759825373692,388.118814013349,20.4612445429279,21.7346535847475,114.883168947951,947.009906192572,832.12673724462,625.81815060643,3.85001982370157,21.012588542684,0.304394777159176,0.89252455743091,0.10119170013063,102.50362735585,2.01106729909059,-6.20785402651521,6.02051616257343,-3.38354156768037,961.353762216403
"V120","hiphop",2394651315685.91,0.360034803874176,506.630767822266,662.175040668907,820.705563300703,329.12475428332,25.647048853147,15.524752560534,111.778218435845,841.441588780941,729.663370345096,662.175040668907,4.09628809011506,23.6917374346825,0.486841886129264,0.885569699065601,0.0894153079491025,92.771689236403,3.77194788210689,-4.75210423097078,-1.39727654009094,2.53407451425965,919.825635197527
"V121","metal",251316715286.701,0.00174791678184119,208.087753295898,813.363481908905,721.605472569702,695.508914711921,22.5501710178032,40.3643566573883,99.3584163874173,1332.02376969381,1232.6653533064,813.363481908905,7.36807043501671,69.8505759475555,0.370006152453647,0.91276128439629,0.135193405583241,85.1034272224757,-3.22711048972177,-4.15816460098263,11.6926934407752,-4.67384945735001,870.070766272262
"V122","hiphop",2753015911449.31,0.413761278041843,568.960815429688,836.850903333345,797.566374273286,614.780201397145,24.9239491960402,27.9445546089611,102.463366899524,1415.8574335207,1313.39406662117,836.850903333345,7.57987297065259,74.9254968516905,0.607216239493096,0.915432350730271,0.111344283709904,95.8750581386444,-2.62141901225842,-1.42894253073948,6.49037311006648,-0.24174014085827,935.626754768283
"V123","hiphop",17794378696933.8,0.0268706875331983,302.054809570312,873.388882371781,776.304424449508,720.348518808776,24.2595132640471,21.7346535847475,105.568317411631,1468.64159222651,1363.07327481488,873.388882371781,17.9954145154027,372.296553947137,0.574204905698522,0.897696943153116,0.097903260922154,100.675924827167,-4.92773133718956,-4.5820010912047,9.87449698266068,0.358386795311329,962.06944965584
"V124","hiphop",4735595990619.02,0.0387676436159336,408.333343505859,688.734737986805,688.038201915082,475.057428352339,21.5011938098463,15.524752560534,114.883168947951,1058.78812462842,943.904955680465,688.734737986805,9.31925221763778,128.723419257951,0.325242361402028,0.900004188145054,0.110975373748125,95.4711439210055,-0.859829360336178,-7.53024462271322,4.80577068735878,-3.49262130859674,923.864233771697
"V125","metal",10855235668048.2,0.468877919956875,392.854431152344,850.016573929096,684.578634614132,760.712875466164,21.3930823316916,21.7346535847475,208.031684311155,1276.13466047589,1068.10297616474,850.016573929096,4.60380155498281,39.4339916949149,0.528117416432202,0.933738475971375,0.178364942667763,111.486613590456,-3.56297518692051,-7.34458565868606,9.98736859845085,-6.57914954984564,999.490271699986
"V126","metal",1794767283342.25,0.00311122781080184,345.203063964844,714.354645937625,630.604598736819,655.144558054533,19.7063937105256,46.5742576816019,99.3584163874173,1046.36832257999,947.009906192572,714.354645937625,7.96503024977788,91.4182924814484,0.293261716588825,0.895155226672134,0.126253386714403,95.4384421148841,-0.913683542958216,-9.12111335211793,14.2632105934975,-2.36180325997569,925.944546595367
"V127","metal",9866093018635.31,0.0114014414888795,91.875,464.68200049389,584.763077116178,176.982179190087,18.2738461598806,18.6297030726408,46.5742576816019,704.823766248242,658.24950856664,464.68200049389,8.12933692428002,87.7097781256184,0.241028812651676,0.818182382808137,0.0512694131307756,100.915801316552,5.60192728574081,-8.30988803595378,11.0440643228145,-3.82334327385336,972.879589807107
"V128","hiphop",2833357272137.67,0,370.062652587891,898.456125665178,795.434040217429,732.768320857203,24.8573137567946,15.524752560534,192.506931750621,1344.44357174224,1151.93663999162,898.456125665178,17.0220634204813,355.187333267969,0.687227877250823,0.925320461212585,0.121000955537278,80.8668234962252,-5.22214033334052,-6.54727144370518,5.21199711301945,0.306038893027151,818.504581260533
"V129","country",4375514480834.65,0.02717357286511,367.221801757812,666.664934516283,681.254814954198,400.538616061776,21.2892129673187,31.0495051210679,105.568317411631,1064.99802565263,959.429708240999,666.664934516283,4.22639958328452,24.1731529377664,0.309802404315131,0.896682081136174,0.108450457206444,101.686045530139,0.78891768334538,-4.89866654039991,6.67601628209699,-6.14976615819058,954.559044127731
"V130","country",5466549822174.67,0.483888816489239,570.437438964844,499.311981784908,541.099261562115,319.809902747,16.9093519238161,31.0495051210679,130.407921508485,617.885151909252,487.477230400766,499.311981784908,3.60983629291373,22.0130393833532,0.232748310770621,0.862450736660822,0.0850821278242779,109.932915242411,5.58946413877623,-9.55660217608458,0.597715464943582,-7.02262582226803,999.625455027345
"V131","country",831300335601.223,0.00932148811015837,269.679779052734,721.369803569227,616.454942987559,580.62574576397,19.2642169683612,58.9940597300291,204.926733799048,1046.36832257999,841.441588780941,721.369803569227,2.68969880758602,13.1316641695686,0.304353841121468,0.914909898884309,0.151162368764817,103.425915051381,-0.165207198097059,-10.320295487285,5.84699902702808,-4.77108070530433,947.248241867108
"V132","metal",2109191196474.67,0.0540289359020709,429.910919189453,695.259200489554,666.135788076193,444.007923231271,20.816743377381,18.6297030726408,127.302970996378,1142.6217884553,1015.31881745892,695.259200489554,3.86837505037902,21.7277639611867,0.293650635069528,0.905313963929567,0.120234409018337,100.327178048141,0.722147434661454,-5.14742705303952,6.56580007523832,-8.84630213110746,947.890087805039
"V133","hiphop",2027461741601.83,0.0720096261211562,386.195373535156,591.019279535401,698.891209223804,285.655447113825,21.8403502882439,21.7346535847475,71.4138617784562,832.12673724462,760.712875466164,591.019279535401,8.13367189427976,90.9758285109818,0.308519492659848,0.866609595663989,0.0703877183221249,85.8712342515828,1.65474204536322,-4.92860444373421,2.23723282290169,-4.29413598671067,880.494702623077
"V134","metal",15519535091005.3,3.31245325666464,216.497207641602,787.166712420473,744.937962040845,620.990102421358,23.2793113137764,43.4693071694951,93.1485153632038,1245.08515535482,1151.93663999162,787.166712420473,6.75082490882652,59.3533056269949,0.547849763009701,0.913326403230744,0.121471164545938,111.766975791408,-2.4635286410976,-5.20974575256158,9.02026339317966,-1.30479108914776,1012.31039041524
"V135","hiphop",3004880721798.95,0.0549216916689745,532.991516113281,516.553115119557,535.403359805487,319.809902747,16.7313549939215,46.5742576816019,121.093069972165,751.398023929844,630.304953957679,516.553115119557,4.65444289877082,34.3112427591193,0.208754222668049,0.871232350284242,0.0832164110503653,93.8202670351363,3.97759069168097,-9.40775982197234,6.71823422138718,-6.85391764907613,922.884919644029
"V136","hiphop",10327821846822.7,3.60683390359639,329.1044921875,805.656848137352,761.208878532992,611.675250885038,23.787777454156,31.0495051210679,90.043564851097,1276.13466047589,1186.09109562479,805.656848137352,7.15343804239602,63.3762214967997,0.613665443098153,0.916444670680773,0.136333397842179,95.7256134697314,-4.00556311360073,-5.29418211769473,6.39179087543704,-0.800584041508684,925.197991879498
"V137","metal",3618105402891.62,0.0232257820871895,160.94889831543,663.710302948595,621.407380679679,555.786141667116,19.41898064624,34.1544556331747,102.463366899524,993.584163874174,891.120796974649,663.710302948595,5.35860223290149,42.7617110696403,0.289654044050036,0.895252799073269,0.120308493395907,100.703919169179,0.0612987609630857,-8.26367501950755,12.9710696109585,-1.96712904684692,954.126758390899
"V138","country",1440447522027.09,0.00392255142719853,221.870376586914,467.443149263718,462.589401907738,301.180199674359,14.4559188096168,62.0990102421358,71.4138617784562,763.817825978271,692.403964199815,467.443149263718,7.1688967988765,68.6389102519687,0.172700865118516,0.822383117991684,0.0790707097585756,90.7239600856205,7.29250087287377,-13.2265783947379,15.6903667828355,-2.26108853340066,903.19261263672
"V139","country",1939793202375.14,0.859135011107641,364.822814941406,868.571837609086,868.776198503034,537.156438594475,27.1492562032198,74.518812290563,155.24752560534,1341.33862123013,1186.09109562479,868.571837609086,3.94113546432722,21.068609740239,0.667667573071799,0.925587395606574,0.132591380811844,93.6387916390486,-0.36040332169417,-6.29516202981331,0.185677564629858,-0.170391979527549,893.68636221813
"V140","hiphop",8115718290389.07,2.83137201707128,523.752990722656,997.299142313232,881.570287701838,825.916836220407,27.5490714906824,21.7346535847475,117.988119460058,1673.56832602556,1555.5802065655,997.299142313232,9.17980318624452,104.998561753958,0.735102651835404,0.935157521010162,0.1737051865112,96.9156678951728,-7.9608101656445,1.94358471491274,7.51894067730289,1.12266984570949,936.466852191661
"V141","hiphop",15755229184414.5,0.221616390279711,411.520721435547,653.006136676697,757.193550214169,288.760397625932,23.6622984441928,21.7346535847475,43.4693071694951,1130.20198640687,1086.73267923738,653.006136676697,8.17726272351728,79.2715926180826,0.495462197947613,0.866418793019294,0.098464185495186,96.5578453796667,-0.740630415020298,-3.59699782071558,8.36935817073856,-4.88793322116024,949.359138901086
"V142","metal",6177096984193.83,1.25194294935596,205.452026367188,705.18070000921,663.332683337921,543.366339618689,20.72914635431,15.524752560534,108.673267923738,1096.0475307737,987.37426284996,705.18070000921,6.17312749106778,53.6960346855373,0.340223011413547,0.904984999790245,0.128484989597949,109.343855151238,-1.14068992445202,-8.1545891500903,8.83437482976095,-4.61724750639469,1000.11724702609
"V143","metal",3196836791562.9,0.358392408749218,450.83642578125,800.277067476561,645.318621674158,679.984162151388,20.1662069273174,15.524752560534,279.445546089611,1195.40594716111,915.960401071504,800.277067476561,4.66020931048748,39.6992063805103,0.333874008582335,0.926331163912809,0.166951412743722,106.003636714608,-3.52951612008187,-10.6155216802607,6.89276807423677,-4.99779226317703,968.675867144733
"V144","country",4707535607775.32,0.134966013824013,273.264984130859,772.998681628998,872.452178041788,378.803962477029,27.2641305638059,27.9445546089611,96.2534658753106,1204.72079869744,1108.46733282212,772.998681628998,5.1067221776228,34.3605177700553,0.618123781789248,0.903921211947209,0.0914352411824471,93.62374487481,3.70297798423025,-3.21014931115049,2.41563474356147,-1.73531993148316,917.917843833864
"V145","country",452647792392.474,0.0824230579746098,308.3916015625,502.531912018576,754.190119599792,127.302970996378,23.5684412374935,24.8396040968543,49.6792081937087,571.31089422765,521.631686033941,502.531912018576,7.68044851781976,75.7938770735797,0.402126579802858,0.806083078920747,0.0355136315254729,67.9554176139213,4.79516237986784,4.81106679044908,2.98755200292718,4.06603893551289,795.022836940093
"V146","country",7530736773641.07,0.14652289157508,254.307998657227,442.143288513131,546.393379042152,198.716832774835,17.0747930950673,27.9445546089611,65.2039607542426,630.304953957679,565.100993203436,442.143288513131,5.33185333393652,37.8605550327851,0.186476026668838,0.83078438017695,0.0630881392423436,99.4058156103526,6.96575419512304,-7.78822345602839,8.31482488329611,-2.03492577589314,968.526532251395
"V147","hiphop",9103029839234.31,0.00175501381044889,367.945983886719,669.231490943981,663.776196188143,440.902972719164,20.7430061308795,24.8396040968543,108.673267923738,1046.36832257999,937.695054656251,669.231490943981,4.46320528620115,27.8014311975335,0.299101509345395,0.898468962565711,0.106823624752044,106.305932232396,1.16515324667829,-7.27423080635643,7.32646358445143,-5.30559188171004,984.361442015536
"V148","hiphop",18632001058463.5,0,496.519958496094,923.633464620682,864.171442732654,711.033667272455,27.0053575853954,21.7346535847475,111.778218435845,1549.37030554129,1437.59208710544,923.633464620682,16.607775756734,325.356429580545,0.714920658995552,0.91692755686903,0.102655244569162,101.738162038309,-5.11988075026885,-1.62861611896117,5.11767832764305,0.965816101439816,963.321052024041
"V149","country",5158342705963.37,0.188221299636679,326.886779785156,460.690909181933,662.214261173632,127.302970996378,20.694195661676,12.4198020484272,46.5742576816019,611.675250885038,565.100993203436,460.690909181933,7.53500773888646,69.8346461631467,0.223776940286096,0.795393653304337,0.0429749866950506,89.7952121738059,5.78634590785093,-1.13399103678784,7.10935330840588,-2.56139337807473,922.200715157336
"V150","metal",3322170436433.36,0.290996147415739,171.123184204102,641.639997408601,660.137434911254,409.853467598097,20.6292948409767,34.1544556331747,65.2039607542426,1027.73861950735,962.534658753106,641.639997408601,9.09809475141162,113.090168922975,0.276628793650303,0.875828445543844,0.0847827664618511,99.5933194437452,0.00139757024972322,-6.4106000786722,8.26748928845254,-3.01569141621706,951.479355038844
